Unnamed: 0,tissue,cell_type,mass,groups,for_final_table,extrapolate,density,err,mean_volume_fl,mean_volume_err,child_10y,tot_child_10y,tot_mass_child_10y,woman,tot_woman,tot_mass_woman,man,tot_man,tot_mass_man,mass_err
0,Adipose tissue,B cells,0.00275406289041236,adipose tissue,Others,human,890.487763498374,2.60303801668483,199.33984553515,1.04332784880751,7500.0,6678658.22623781,0.00142451528814433,19000.0,16919267.5064691,0.00360877206329896,14500.0,12912072.5707264,0.00275406289041236,2.60548552029904
1,Adrenal glands,B cells,0.00141653895683216,internal epithelial,Others,extrapolation,474375.87244939,2.32176441408403,199.33984553515,1.04332784880751,7.0,3320631.10714573,0.000708269478416081,13.0,6166886.34184208,0.00131535760277272,14.0,6641262.21429147,0.00141653895683216,2.32424361822654
2,Blood,B cells,0.287413075573125,blood,Blood,human,244999.91713038,1.00005739021599,199.33984553515,1.04332784880751,2616.0,640919783.213074,0.136704110127144,4251.0,1041494647.72125,0.22214417895661,5500.0,1347499544.21709,0.287413075573125,1.04332788931331
3,Brain,B cells,0.00307660537258046,CNS,Others,human,9947.77369439828,1.13101445530638,199.33984553515,1.04332784880751,1300.0,12932105.8027178,0.00275833585127904,1300.0,12932105.8027178,0.00275833585127904,1450.0,14424271.8568775,0.00307660537258046,1.13907510685246
4,Breasts,B cells,0.002529533851486,internal epithelial,Others,extrapolation,474375.87244939,2.32176441408403,199.33984553515,1.04332784880751,15.0,7115638.08674086,0.0015177203108916,500.0,237187936.224695,0.05059067702972,25.0,11859396.8112348,0.002529533851486,2.32424361822654
5,Bronchial tree,B cells,0.0115881301506187,barrier epithelial,Lungs,extrapolation,1810982.33673484,3.8592890985105,199.33984553515,1.04332784880751,13.15,23814417.7280632,0.00507946371602117,24.66,44658824.4238812,0.00952544298380853,30.0,54329470.1020453,0.0115881301506187,3.86185993284275
6,Cartilage ,B cells,0.00264368263002773,connective,Others,extrapolation,11267.7898175692,1.95906638838063,199.33984553515,1.04332784880751,820.0,9239587.65040672,0.0019707452332934,900.0,10141010.8358123,0.00216301306093178,1100.0,12394568.7993261,0.00264368263002773,1.96168610776242
7,Colon,B cells,0.265395309999857,barrier epithelial,GI,human,3362897.45614803,2.06548238839946,199.33984553515,1.04332784880751,210.0,706208465.791086,0.150629770540459,360.0,1210643084.21329,0.258222463783644,370.0,1244272058.77477,0.265395309999857,2.0680432274432
8,Connective tissue,B cells,0.0038453565527676,connective,Others,extrapolation,11267.7898175692,1.95906638838063,199.33984553515,1.04332784880751,701.37,7902889.74434849,0.00168563607838413,1315.07,14817932.3553907,0.00316057065115506,1600.0,18028463.7081107,0.0038453565527676,1.96168610776242
9,Epididymes,B cells,0.00172008301901048,internal epithelial,Others,extrapolation,474375.87244939,2.32176441408403,199.33984553515,1.04332784880751,1.6,759001.395919025,0.000161890166495104,0.0,0.0,0.0,17.0,8064389.83163964,0.00172008301901048,2.32424361822654
10,Esophagus,B cells,0.0154508402008249,barrier epithelial,GI,extrapolation,1810982.33673484,3.8592890985105,199.33984553515,1.04332784880751,18.0,32597682.0612272,0.00695287809037119,35.0,63384381.7857195,0.0135194851757217,40.0,72439293.4693937,0.0154508402008249,3.86185993284275
11,Eyes ,B cells,3.18269521301427e-05,CNS,Others,extrapolation,9947.77369439828,1.13101445530638,199.33984553515,1.04332784880751,12.0,119373.284332779,2.54615617041142e-05,15.0,149216.605415974,3.18269521301427e-05,15.0,149216.605415974,3.18269521301427e-05,1.13907510685246
12,Fallopian tubes,B cells,0.0,internal epithelial,Others,extrapolation,474375.87244939,2.32176441408403,199.33984553515,1.04332784880751,0.0,0.0,0.0,2.1,996189.33214372,0.000212480843524824,0.0,0.0,0.0,2.32424361822654
13,Gallbladder,B cells,0.0010118135405944,internal epithelial,Others,extrapolation,474375.87244939,2.32176441408403,199.33984553515,1.04332784880751,4.4,2087253.83877732,0.000445197957861536,8.0,3795006.97959512,0.00080945083247552,10.0,4743758.7244939,0.0010118135405944,2.32424361822654
14,Heart,B cells,0.00965051301545103,striated muscle,Others,human,137106.664588149,1.7962342288809,199.33984553515,1.04332784880751,140.0,19194933.0423408,0.00409415703685801,250.0,34276666.1470372,0.00731099470867502,330.0,45245199.3140891,0.00965051301545103,1.79899148146458
15,Kidneys,B cells,0.0151525185617437,internal epithelial,Others,human,229163.388763216,1.05877392241075,199.33984553515,1.04332784880751,180.0,41249409.977379,0.00879823658423828,275.0,63019931.9098845,0.0134417503370307,310.0,71040650.5165971,0.0151525185617437,1.07373079858244
16,Larynx,B cells,0.0108155881405774,barrier epithelial,Lungs,extrapolation,1810982.33673484,3.8592890985105,199.33984553515,1.04332784880751,12.0,21731788.0408181,0.00463525206024746,19.0,34408664.397962,0.00733914909539181,28.0,50707505.4285756,0.0108155881405774,3.86185993284275
17,Liver,B cells,0.377007811151165,internal epithelial,Liver,human,981973.90768486,2.20737810832685,199.33984553515,1.04332784880751,830.0,815038343.378434,0.173842490697482,1400.0,1374763470.75881,0.293228297562017,1800.0,1767553033.83275,0.377007811151165,2.20988544076407
18,Lungs,B cells,0.451937075874127,barrier epithelial,Lungs,extrapolation,1810982.33673484,3.8592890985105,199.33984553515,1.04332784880751,487.0,881948397.989868,0.188113979445043,925.0,1675158661.47973,0.357300679644075,1170.0,2118849333.97977,0.451937075874127,3.86185993284275
19,Lymph nodes,B cells,34.9350368049601,lymphatic system,Lymph system,multiplex,727948728.738165,1.35766910204205,199.33984553515,1.04332784880751,99.0,72066924145.0784,15.3714161941824,185.0,134670514816.561,28.7243635951894,225.0,163788463966.087,34.9350368049601,1.36164999024905
20,Lymph vessels,B cells,0.00121369066196728,connective,Lymph system,human,11267.7898175692,1.95906638838063,199.33984553515,1.04332784880751,221.0,2490181.54968279,0.000531139873851025,415.0,4676132.7742912,0.000997389355874097,505.0,5690233.85787243,0.00121369066196728,1.96168610776242
21,Ovaries,B cells,0.0,internal epithelial,Others,extrapolation,474375.87244939,2.32176441408403,199.33984553515,1.04332784880751,0.0,0.0,0.0,11.0,5218134.5969433,0.00111299489465384,0.0,0.0,0.0,2.32424361822654
22,Pancreas,B cells,0.0141653895683216,internal epithelial,Others,extrapolation,474375.87244939,2.32176441408403,199.33984553515,1.04332784880751,60.0,28462552.3469634,0.0060708812435664,120.0,56925104.6939269,0.0121417624871328,140.0,66412622.1429147,0.0141653895683216,2.32424361822654
23,Parathyroid glands,B cells,1.82126437306992e-05,internal epithelial,Others,extrapolation,474375.87244939,2.32176441408403,199.33984553515,1.04332784880751,0.08,37950.0697959512,8.09450832475521e-06,0.15,71156.3808674086,1.5177203108916e-05,0.18,85387.6570408903,1.82126437306992e-05,2.32424361822654
24,Periarticular tissue,B cells,0.00216301306093178,connective,Others,extrapolation,11267.7898175692,1.95906638838063,199.33984553515,1.04332784880751,394.52,4445368.43882739,0.000948168791998671,739.73,8335122.16175044,0.00177782850173674,900.0,10141010.8358123,0.00216301306093178,1.96168610776242
25,Pineal gland,B cells,1.82126437306992e-05,internal epithelial,Others,extrapolation,474375.87244939,2.32176441408403,199.33984553515,1.04332784880751,0.08,37950.0697959512,8.09450832475521e-06,0.15,71156.3808674086,1.5177203108916e-05,0.18,85387.6570408903,1.82126437306992e-05,2.32424361822654
26,Pituitary gland,B cells,6.0708812435664e-05,internal epithelial,Others,extrapolation,474375.87244939,2.32176441408403,199.33984553515,1.04332784880751,0.35,166031.555357287,3.5413473920804e-05,0.6,284625.523469634,6.0708812435664e-05,0.6,284625.523469634,6.0708812435664e-05,2.32424361822654
27,Prostate gland,B cells,0.00172008301901048,internal epithelial,Others,extrapolation,474375.87244939,2.32176441408403,199.33984553515,1.04332784880751,1.6,759001.395919025,0.000161890166495104,0.0,0.0,0.0,17.0,8064389.83163964,0.00172008301901048,2.32424361822654
28,Red marrow,B cells,3.06822910724561,marrow,Bone Marrow,human,12294872.4831443,1.94178577387962,199.33984553515,1.04332784880751,630.0,7745769664.38093,1.65212336543995,900.0,11065385234.8299,2.36017623634278,1170.0,14385000805.2789,3.06822910724561,1.94441700634911
29,SI,B cells,1.29396477279797,barrier epithelial,GI,human,9347594.43334444,2.20411905249185,199.33984553515,1.04332784880751,369.0,3449262345.9041,0.735705702869724,601.0,5617904254.44001,1.19826321795313,649.0,6066588787.24054,1.29396477279797,2.20662735951848
30,Salivary glands,B cells,0.00860041509505241,internal epithelial,Others,extrapolation,474375.87244939,2.32176441408403,199.33984553515,1.04332784880751,44.0,20872538.3877732,0.00445197957861536,70.0,33206311.0714573,0.0070826947841608,85.0,40321949.1581982,0.00860041509505241,2.32424361822654
31,Skeletal Muscles,B cells,0.0533717031616306,striated muscle,Others,human,8779.87447417277,1.88016642173148,199.33984553515,1.04332784880751,11000.0,96578619.2159005,0.0205996047290504,17500.0,153647803.298024,0.0327720984325802,28500.0,250226422.513924,0.0533717031616306,1.88284409293453
32,Skin,B cells,0.132990614404429,barrier epithelial,Skin,human,188942.282481006,1.67888441235144,199.33984553515,1.04332784880751,820.0,154932671.634425,0.0330461526701913,2300.0,434567249.706315,0.0926904282212683,3300.0,623509532.187322,0.132990614404429,1.68179681511256
33,Spinal cord,B cells,6.36539042602855e-05,CNS,Others,extrapolation,9947.77369439828,1.13101445530638,199.33984553515,1.04332784880751,13.0,129321.058027178,2.75833585127904e-05,25.0,248694.342359957,5.30449202169046e-05,30.0,298433.210831948,6.36539042602855e-05,1.13907510685246
34,Spleen,B cells,14.1910451137202,lymphatic system,Lymph system,multiplex,443552699.300372,1.13351863478451,199.33984553515,1.04332784880751,80.0,35484215944.0297,7.56855739398412,130.0,57661850909.0483,12.2989057652242,150.0,66532904895.0558,14.1910451137202,1.14146168407457
35,Stomach,B cells,0.0579406507530932,barrier epithelial,GI,extrapolation,1810982.33673484,3.8592890985105,199.33984553515,1.04332784880751,84.0,152122516.285727,0.0324467644217322,141.0,255348509.479613,0.0544642117079076,150.0,271647350.510226,0.0579406507530932,3.86185993284275
36,Testes,B cells,0.0035413473920804,internal epithelial,Others,extrapolation,474375.87244939,2.32176441408403,199.33984553515,1.04332784880751,2.0,948751.744898781,0.00020236270811888,0.0,0.0,0.0,35.0,16603155.5357287,0.0035413473920804,2.32424361822654
37,Thymus,B cells,0.133794412626741,lymphatic system,Lymph system,multiplex,31363901.881259,1.55844219028476,199.33984553515,1.04332784880751,40.0,1254556075.25036,0.267588825253482,25.0,784097547.031474,0.167243015783426,20.0,627278037.62518,0.133794412626741,1.56159779841237
38,Thyroid,B cells,0.0020236270811888,internal epithelial,Others,extrapolation,474375.87244939,2.32176441408403,199.33984553515,1.04332784880751,7.9,3747569.39235018,0.000799332697069577,17.0,8064389.83163964,0.00172008301901048,20.0,9487517.44898781,0.0020236270811888,2.32424361822654
39,Tongue,B cells,0.000540224394676866,striated muscle,Others,extrapolation,34695.5228330178,4.49452555742257,199.33984553515,1.04332784880751,32.0,1110256.73065657,0.000236810693556982,60.0,2081731.36998107,0.000444020050419342,73.0,2532773.1668103,0.000540224394676866,4.49721602114911
40,Tonsils,B cells,0.399432501511472,lymphatic system,Lymph system,multiplex,624229444.744778,1.54151619316401,199.33984553515,1.04332784880751,3.0,1872688334.23433,0.399432501511472,3.0,1872688334.23433,0.399432501511472,3.0,1872688334.23433,0.399432501511472,1.54471600153063
41,Trachea,B cells,0.00386271005020622,barrier epithelial,Lungs,extrapolation,1810982.33673484,3.8592890985105,199.33984553515,1.04332784880751,4.5,8149420.51530679,0.0017382195225928,8.0,14487858.6938787,0.00309016804016497,10.0,18109823.3673484,0.00386271005020622,3.86185993284275
42,Ureters,B cells,0.00161890166495104,internal epithelial,Others,extrapolation,474375.87244939,2.32176441408403,199.33984553515,1.04332784880751,7.0,3320631.10714573,0.000708269478416081,15.0,7115638.08674086,0.0015177203108916,16.0,7590013.95919025,0.00161890166495104,2.32424361822654
43,Urethra,B cells,0.0010118135405944,internal epithelial,Others,extrapolation,474375.87244939,2.32176441408403,199.33984553515,1.04332784880751,3.0,1423127.61734817,0.00030354406217832,3.0,1423127.61734817,0.00030354406217832,10.0,4743758.7244939,0.0010118135405944,2.32424361822654
44,Urinary bladder,B cells,0.005059067702972,internal epithelial,Others,extrapolation,474375.87244939,2.32176441408403,199.33984553515,1.04332784880751,25.0,11859396.8112348,0.002529533851486,40.0,18975034.8979756,0.0040472541623776,50.0,23718793.6224695,0.005059067702972,2.32424361822654
45,Uterus,B cells,0.0,internal epithelial,Others,extrapolation,474375.87244939,2.32176441408403,199.33984553515,1.04332784880751,0.0,0.0,0.0,80.0,37950069.7959512,0.00809450832475521,0.0,0.0,0.0,2.32424361822654
46,Yellow marrow,B cells,0.000471039721946391,adipose tissue,Others,extrapolation,890.487763498374,2.60303801668483,199.33984553515,1.04332784880751,630.0,561007.291003976,0.000119659284204123,1800.0,1602877.97429707,0.000341883669154638,2480.0,2208409.65347597,0.000471039721946391,2.60548552029904
47,Adipose tissue,NK cells,0.0181627791928354,adipose tissue,Others,human,5872.68093210504,1.70146507774531,199.33984553515,1.04332784880751,7500.0,44045106.9907878,0.0093945409618114,19000.0,111580937.709996,0.0237995037699222,14500.0,85153873.515523,0.0181627791928354,1.70434263312385
48,Adrenal glands,NK cells,0.00920383324828945,internal epithelial,Others,extrapolation,3082214.1572442,2.30191065668698,199.33984553515,1.04332784880751,7.0,21575499.1007094,0.00460191662414473,13.0,40068784.0441746,0.00854641658769735,14.0,43150998.2014188,0.00920383324828945,2.30439396051675
49,Blood,NK cells,0.333166017551763,blood,Blood,human,284001.159404709,1.00006391434051,199.33984553515,1.04332784880751,2616.0,742947033.002719,0.158465873075529,4251.0,1207288928.62942,0.257507043747735,5500.0,1562006376.7259,0.333166017551763,1.04332789904584
51,Breasts,NK cells,0.0164354165148026,internal epithelial,Others,extrapolation,3082214.1572442,2.30191065668698,199.33984553515,1.04332784880751,15.0,46233212.358663,0.00986124990888155,500.0,1541107078.6221,0.328708330296052,25.0,77055353.931105,0.0164354165148026,2.30439396051675
52,Bronchial tree,NK cells,0.00373413693939488,barrier epithelial,Lungs,extrapolation,583567.491242942,1.66186787942398,199.33984553515,1.04332784880751,13.15,7673912.50984469,0.00163679669176809,24.66,14390774.334051,0.00306946056418259,30.0,17507024.7372883,0.00373413693939488,1.66480843492204
53,Cartilage ,NK cells,0.0017814592136213,connective,Others,extrapolation,7592.85844664581,2.23794040971863,199.33984553515,1.04332784880751,820.0,6226143.92624956,0.00132799686833588,900.0,6833572.60198123,0.00145755753841742,1100.0,8352144.29131039,0.0017814592136213,2.24043910201329
54,Colon,NK cells,0.0317869507104753,barrier epithelial,GI,human,402781.253681604,1.41041163239244,199.33984553515,1.04332784880751,210.0,84584063.2731368,0.0180412422951346,360.0,145001251.325377,0.0309278439345165,370.0,149029063.862193,0.0317869507104753,1.41409189531195
55,Connective tissue,NK cells,0.00259121340163098,connective,Others,extrapolation,7592.85844664581,2.23794040971863,199.33984553515,1.04332784880751,701.37,5325403.12872397,0.0011358745896887,1315.07,9985140.3574305,0.00212976688005178,1600.0,12148573.5146333,0.00259121340163098,2.24043910201329
56,Epididymes,NK cells,0.0111760832300658,internal epithelial,Others,extrapolation,3082214.1572442,2.30191065668698,199.33984553515,1.04332784880751,1.6,4931542.65159072,0.00105186665694737,0.0,0.0,0.0,17.0,52397640.6731514,0.0111760832300658,2.30439396051675
57,Esophagus,NK cells,0.0049788492525265,barrier epithelial,GI,extrapolation,583567.491242942,1.66186787942398,199.33984553515,1.04332784880751,18.0,10504214.842373,0.00224048216363692,35.0,20424862.193503,0.00435649309596069,40.0,23342699.6497177,0.0049788492525265,1.66480843492204
59,Fallopian tubes,NK cells,0.0,internal epithelial,Others,extrapolation,3082214.1572442,2.30191065668698,199.33984553515,1.04332784880751,0.0,0.0,0.0,2.1,6472649.73021282,0.00138057498724342,0.0,0.0,0.0,2.30439396051675
60,Gallbladder,NK cells,0.00657416660592104,internal epithelial,Others,extrapolation,3082214.1572442,2.30191065668698,199.33984553515,1.04332784880751,4.4,13561742.2918745,0.00289263330660526,8.0,24657713.2579536,0.00525933328473683,10.0,30822141.572442,0.00657416660592104,2.30439396051675
61,Heart,NK cells,0.00154619225831249,striated muscle,Others,extrapolation,21967.0460015783,1.91703829777652,199.33984553515,1.04332784880751,140.0,3075386.44022096,0.00065596035201136,250.0,5491761.50039458,0.00117135777144886,330.0,7249125.18052084,0.00154619225831249,1.91968712336753
62,Kidneys,NK cells,0.203799164783552,internal epithelial,Others,extrapolation,3082214.1572442,2.30191065668698,199.33984553515,1.04332784880751,180.0,554798548.303956,0.118334998906579,275.0,847608893.242155,0.180789581662828,310.0,955486388.745702,0.203799164783552,2.30439396051675
63,Larynx,NK cells,0.00348519447676855,barrier epithelial,Lungs,extrapolation,583567.491242942,1.66186787942398,199.33984553515,1.04332784880751,12.0,7002809.89491531,0.00149365477575795,19.0,11087782.3336159,0.00236495339495009,28.0,16339889.7548024,0.00348519447676855,1.66480843492204
64,Liver,NK cells,1.18334998906579,internal epithelial,Liver,human,3082214.1572442,2.30191065668698,199.33984553515,1.04332784880751,830.0,2558237750.51268,0.545655828291446,1400.0,4315099820.14188,0.920383324828945,1800.0,5547985483.03956,1.18334998906579,2.30439396051675
65,Lungs,NK cells,0.1456313406364,barrier epithelial,Lungs,extrapolation,583567.491242942,1.66186787942398,199.33984553515,1.04332784880751,487.0,284197368.235313,0.0606174896495101,925.0,539799929.399722,0.115135888964675,1170.0,682773964.754242,0.1456313406364,1.66480843492204
66,Lymph nodes,NK cells,0.0422787312718876,lymphatic system,Lymph system,multiplex,880970.838927623,1.19247475011598,199.33984553515,1.04332784880751,99.0,87216113.0538347,0.0186026417596305,185.0,162979605.20161,0.0347625123791076,225.0,198218438.758715,0.0422787312718876,1.1984976089464
67,Lymph vessels,NK cells,0.000817851729889777,connective,Lymph system,human,7592.85844664581,2.23794040971863,199.33984553515,1.04332784880751,221.0,1678021.71670872,0.000357911351100279,415.0,3151036.25535801,0.000672095976048035,505.0,3834393.51555613,0.000817851729889777,2.24043910201329
68,Ovaries,NK cells,0.0,internal epithelial,Others,extrapolation,3082214.1572442,2.30191065668698,199.33984553515,1.04332784880751,0.0,0.0,0.0,11.0,33904355.7296862,0.00723158326651314,0.0,0.0,0.0,2.30439396051675
69,Pancreas,NK cells,0.0920383324828945,internal epithelial,Others,extrapolation,3082214.1572442,2.30191065668698,199.33984553515,1.04332784880751,60.0,184932849.434652,0.0394449996355262,120.0,369865698.869304,0.0788899992710524,140.0,431509982.014188,0.0920383324828945,2.30439396051675
70,Parathyroid glands,NK cells,0.000118334998906579,internal epithelial,Others,extrapolation,3082214.1572442,2.30191065668698,199.33984553515,1.04332784880751,0.08,246577.132579536,5.25933328473683e-05,0.15,462332.12358663,9.86124990888155e-05,0.18,554798.548303956,0.000118334998906579,2.30439396051675
71,Periarticular tissue,NK cells,0.00145755753841742,connective,Others,extrapolation,7592.85844664581,2.23794040971863,199.33984553515,1.04332784880751,394.52,2995534.5143707,0.000638928444507158,739.73,5616665.1787373,0.0011979989309928,900.0,6833572.60198123,0.00145755753841742,2.24043910201329
72,Pineal gland,NK cells,0.000118334998906579,internal epithelial,Others,extrapolation,3082214.1572442,2.30191065668698,199.33984553515,1.04332784880751,0.08,246577.132579536,5.25933328473683e-05,0.15,462332.12358663,9.86124990888155e-05,0.18,554798.548303956,0.000118334998906579,2.30439396051675
73,Pituitary gland,NK cells,0.000394449996355262,internal epithelial,Others,extrapolation,3082214.1572442,2.30191065668698,199.33984553515,1.04332784880751,0.35,1078774.95503547,0.000230095831207236,0.6,1849328.49434652,0.000394449996355262,0.6,1849328.49434652,0.000394449996355262,2.30439396051675
74,Prostate gland,NK cells,0.0111760832300658,internal epithelial,Others,extrapolation,3082214.1572442,2.30191065668698,199.33984553515,1.04332784880751,1.6,4931542.65159072,0.00105186665694737,0.0,0.0,0.0,17.0,52397640.6731514,0.0111760832300658,2.30439396051675
75,Red marrow,NK cells,0.704350460167113,marrow,Bone Marrow,human,2822442.12818018,2.15736682866149,199.33984553515,1.04332784880751,630.0,1778138540.75351,0.379265632397676,900.0,2540197915.36216,0.541808046282394,1170.0,3302257289.97081,0.704350460167113,2.1598903261413
76,SI,NK cells,0.117040326301155,barrier epithelial,GI,human,845498.676323166,1.41976104203494,199.33984553515,1.04332784880751,369.0,311989011.563248,0.0665452702698399,601.0,508144704.470223,0.108384030981501,649.0,548728640.933735,0.117040326301155,1.42339628716893
77,Salivary glands,NK cells,0.0558804161503288,internal epithelial,Others,extrapolation,3082214.1572442,2.30191065668698,199.33984553515,1.04332784880751,44.0,135617422.918745,0.0289263330660526,70.0,215754991.007094,0.0460191662414473,85.0,261988203.365757,0.0558804161503288,2.30439396051675
78,Skeletal Muscles,NK cells,0.13353478594517,striated muscle,Others,human,21967.0460015783,1.91703829777652,199.33984553515,1.04332784880751,11000.0,241637506.017361,0.0515397419437497,17500.0,384423305.02762,0.08199504400142,28500.0,626060811.044982,0.13353478594517,1.91968712336753
79,Skin,NK cells,0.410755063333436,barrier epithelial,Skin,extrapolation,583567.491242942,1.66186787942398,199.33984553515,1.04332784880751,820.0,478525342.819213,0.102066409676793,2300.0,1342205229.85877,0.286283832020274,3300.0,1925772721.10171,0.410755063333436,1.66480843492204
81,Spleen,NK cells,0.0865858521757666,lymphatic system,Lymph system,multiplex,2706311.4905225,3.6297925959312,199.33984553515,1.04332784880751,80.0,216504919.2418,0.0461791211604089,130.0,351820493.767925,0.0750410718856644,150.0,405946723.578375,0.0865858521757666,3.63232551967468
82,Stomach,NK cells,0.0186706846969744,barrier epithelial,GI,extrapolation,583567.491242942,1.66186787942398,199.33984553515,1.04332784880751,84.0,49019669.2644072,0.0104555834303057,141.0,82283016.2652549,0.0175504436151559,150.0,87535123.6864413,0.0186706846969744,1.66480843492204
83,Testes,NK cells,0.0230095831207236,internal epithelial,Others,extrapolation,3082214.1572442,2.30191065668698,199.33984553515,1.04332784880751,2.0,6164428.3144884,0.00131483332118421,0.0,0.0,0.0,35.0,107877495.503547,0.0230095831207236,2.30439396051675
84,Thymus,NK cells,0.0140899159218142,lymphatic system,Lymph system,multiplex,3302938.67891045,1.14270128720694,199.33984553515,1.04332784880751,40.0,132117547.156418,0.0281798318436283,25.0,82573466.9727613,0.0176123949022677,20.0,66058773.578209,0.0140899159218142,1.15024627147258
85,Thyroid,NK cells,0.0131483332118421,internal epithelial,Others,extrapolation,3082214.1572442,2.30191065668698,199.33984553515,1.04332784880751,7.9,24349491.8422292,0.00519359161867762,17.0,52397640.6731514,0.0111760832300658,20.0,61644283.144884,0.0131483332118421,2.30439396051675
86,Tongue,NK cells,0.000342036469263066,striated muscle,Others,extrapolation,21967.0460015783,1.91703829777652,199.33984553515,1.04332784880751,32.0,702945.472050506,0.000149933794745454,60.0,1318022.7600947,0.000281125865147726,73.0,1603594.35811522,0.000342036469263066,1.91968712336753
87,Tonsils,NK cells,0.0202982912518804,lymphatic system,Lymph system,extrapolation,31721983.1372815,3.4885464136887,199.33984553515,1.04332784880751,3.0,95165949.4118444,0.0202982912518804,3.0,95165949.4118444,0.0202982912518804,3.0,95165949.4118444,0.0202982912518804,3.49105808606363
88,Trachea,NK cells,0.00124471231313163,barrier epithelial,Lungs,extrapolation,583567.491242942,1.66186787942398,199.33984553515,1.04332784880751,4.5,2626053.71059324,0.000560120540909231,8.0,4668539.92994354,0.0009957698505053,10.0,5835674.91242942,0.00124471231313163,1.66480843492204
89,Ureters,NK cells,0.0105186665694737,internal epithelial,Others,extrapolation,3082214.1572442,2.30191065668698,199.33984553515,1.04332784880751,7.0,21575499.1007094,0.00460191662414473,15.0,46233212.358663,0.00986124990888155,16.0,49315426.5159072,0.0105186665694737,2.30439396051675
90,Urethra,NK cells,0.00657416660592104,internal epithelial,Others,extrapolation,3082214.1572442,2.30191065668698,199.33984553515,1.04332784880751,3.0,9246642.4717326,0.00197224998177631,3.0,9246642.4717326,0.00197224998177631,10.0,30822141.572442,0.00657416660592104,2.30439396051675
91,Urinary bladder,NK cells,0.0328708330296052,internal epithelial,Others,extrapolation,3082214.1572442,2.30191065668698,199.33984553515,1.04332784880751,25.0,77055353.931105,0.0164354165148026,40.0,123288566.289768,0.0262966664236841,50.0,154110707.86221,0.0328708330296052,2.30439396051675
92,Uterus,NK cells,0.0,internal epithelial,Others,extrapolation,3082214.1572442,2.30191065668698,199.33984553515,1.04332784880751,0.0,0.0,0.0,80.0,246577132.579536,0.0525933328473683,0.0,0.0,0.0,2.30439396051675
93,Yellow marrow,NK cells,0.00310646154470564,adipose tissue,Others,extrapolation,5872.68093210504,1.70146507774531,199.33984553515,1.04332784880751,630.0,3699788.98722617,0.000789141440792157,1800.0,10570825.6777891,0.00225468983083474,2480.0,14564248.7116205,0.00310646154470564,1.70434263312385
94,Adipose tissue,Plasma cells,0.774477631487774,adipose tissue,Others,human,34743.5642699169,2.04868973826453,1436.75504,1.96712104818603,7500.0,260576732.024376,0.400591878355745,19000.0,660127721.12842,1.01483275850122,14500.0,503781681.913795,0.774477631487774,2.68039437579861
96,Blood,Plasma cells,0.0287480211477637,blood,Blood,human,3399.99876437357,1.00013959514742,1436.75504,1.96712104818603,2616.0,8894396.76760126,0.0136736042404636,4251.0,14453394.7473521,0.0222196068907533,5500.0,18699993.2040546,0.0287480211477637,1.96712107651089
99,Bronchial tree,Plasma cells,0.0513794696753277,barrier epithelial,Lungs,extrapolation,1114042.74728813,11.2409077341945,1436.75504,1.96712104818603,13.15,14649662.126839,0.0225213342076853,24.66,27472294.1481254,0.0422339240731194,30.0,33421282.418644,0.0513794696753277,12.3341618564065
101,Colon,Plasma cells,5.76107202027736,barrier epithelial,GI,human,10128265.4094758,1.81616993869411,1436.75504,1.96712104818603,210.0,2126935735.98991,3.26979763313039,360.0,3646175547.41128,5.60536737108068,370.0,3747458201.50604,5.76107202027736,2.46484273725496
104,Esophagus,Plasma cells,0.0685059595671036,barrier epithelial,GI,extrapolation,1114042.74728813,11.2409077341945,1436.75504,1.96712104818603,18.0,20052769.4511864,0.0308276818051966,35.0,38991496.1550847,0.0599427146212156,40.0,44561709.8915253,0.0685059595671036,12.3341618564065
110,Larynx,Plasma cells,0.0479541716969725,barrier epithelial,Lungs,extrapolation,1114042.74728813,11.2409077341945,1436.75504,1.96712104818603,12.0,13368512.9674576,0.0205517878701311,19.0,21166812.1984745,0.0325403307943742,28.0,31193196.9240677,0.0479541716969725,12.3341618564065
112,Lungs,Plasma cells,2.00379931733778,barrier epithelial,Lungs,extrapolation,1114042.74728813,11.2409077341945,1436.75504,1.96712104818603,487.0,542538817.929321,0.834060057729486,925.0,1030489541.24152,1.58420031498927,1170.0,1303430014.32712,2.00379931733778,12.3341618564065
113,Lymph nodes,Plasma cells,0.339917592905435,lymphatic system,Lymph system,human,982708.285222034,2.9460911294792,1436.75504,1.96712104818603,99.0,97288120.2369813,0.149563740878392,185.0,181801032.766076,0.279487798611136,225.0,221109364.174958,0.339917592905435,3.5780822835313
122,Red marrow,Plasma cells,3.45333421616985,marrow,Bone Marrow,human,1919933.7499512,2.00535508682068,1436.75504,1.96712104818603,630.0,1209558262.46926,1.85948765486069,900.0,1727940374.95608,2.65641093551527,1170.0,2246322487.4429,3.45333421616985,2.63932527496793
123,SI,Plasma cells,12.6466521064311,barrier epithelial,GI,human,12675478.6492092,2.12148462607167,1436.75504,1.96712104818603,369.0,4677251621.5582,7.19046937946545,601.0,7617962668.17473,11.7113064960941,649.0,8226385643.33678,12.6466521064311,2.75012328797402
126,Skin,Plasma cells,0.0546369656556017,barrier epithelial,Skin,human,10769.7624799599,2.02951273937878,1436.75504,1.96712104818603,820.0,8831205.2335671,0.0135764581326041,2300.0,24770453.7039077,0.0380803093963284,3300.0,35540216.1838676,0.0546369656556017,2.66217678465312
128,Spleen,Plasma cells,1.46317558994059,lymphatic system,Lymph system,human,6345103.07047832,1.29724600229947,1436.75504,1.96712104818603,80.0,507608245.638266,0.78036031463498,130.0,824863399.162182,1.26808551128184,150.0,951765460.571749,1.46317558994059,2.06451769017368
129,Stomach,Plasma cells,0.256897348376638,barrier epithelial,GI,extrapolation,1114042.74728813,11.2409077341945,1436.75504,1.96712104818603,84.0,93579590.7722032,0.143862515090917,141.0,157080027.367627,0.24148350747404,150.0,167106412.09322,0.256897348376638,12.3341618564065
131,Thymus,Plasma cells,0.0767764720542912,lymphatic system,Lymph system,extrapolation,2497075.36088658,3.15346768110233,1436.75504,1.96712104818603,40.0,99883014.4354631,0.153552944108582,25.0,62426884.0221644,0.095970590067864,20.0,49941507.2177315,0.0767764720542912,3.79228672037474
134,Tonsils,Plasma cells,0.0115164708081437,lymphatic system,Lymph system,extrapolation,2497075.36088658,3.15346768110233,1436.75504,1.96712104818603,3.0,7491226.08265973,0.0115164708081437,3.0,7491226.08265973,0.0115164708081437,3.0,7491226.08265973,0.0115164708081437,3.79228672037474
135,Trachea,Plasma cells,0.0171264898917759,barrier epithelial,Lungs,extrapolation,1114042.74728813,11.2409077341945,1436.75504,1.96712104818603,4.5,5013192.3627966,0.00770692045129915,8.0,8912341.97830507,0.0137011919134207,10.0,11140427.4728813,0.0171264898917759,12.3341618564065
140,Yellow marrow,Plasma cells,0.132462381109633,adipose tissue,Others,extrapolation,34743.5642699169,2.04868973826453,1436.75504,1.96712104818603,630.0,21888445.4900476,0.0336497177818826,1800.0,62538415.6858504,0.0961420508053788,2480.0,86164039.3893938,0.132462381109633,2.68039437579861
141,Adipose tissue,T cells,0.26712528461448,adipose tissue,Others,human,86371.2292476367,1.68094423801266,199.33984553515,1.04332784880751,7500.0,647784219.357276,0.138168250662662,19000.0,1641053355.7051,0.350026235012078,14500.0,1252382824.09073,0.26712528461448,1.68385334660037
142,Adrenal glands,T cells,0.007673701732213,internal epithelial,Others,extrapolation,2569797.98301887,1.95082149143974,199.33984553515,1.04332784880751,7.0,17988585.8811321,0.0038368508661065,13.0,33407373.7792453,0.00712558017991207,14.0,35977171.7622642,0.007673701732213,1.9534466276004
143,Blood,T cells,1.68107346904063,blood,Blood,human,1432999.73316714,1.0000389425916,199.33984553515,1.04332784880751,2616.0,3748727301.96525,0.799579671820054,4251.0,6091681865.69353,1.29931696670759,5500.0,7881498532.4193,1.68107346904063,1.04332786745839
144,Brain,T cells,0.030598819330971,CNS,Others,human,98937.0078896323,1.14877579529903,199.33984553515,1.04332784880751,1300.0,128618110.256522,0.0274334242277671,1300.0,128618110.256522,0.0274334242277671,1450.0,143458661.439967,0.030598819330971,1.15608296576434
145,Breasts,T cells,0.0137030388075232,internal epithelial,Others,extrapolation,2569797.98301887,1.95082149143974,199.33984553515,1.04332784880751,15.0,38546969.7452831,0.00822182328451393,500.0,1284898991.50943,0.274060776150464,25.0,64244949.5754718,0.0137030388075232,1.9534466276004
146,Bronchial tree,T cells,0.0656823384961262,barrier epithelial,Lungs,extrapolation,10264775.533745,1.54300632953774,199.33984553515,1.04332784880751,13.15,134981798.268747,0.0287907583741353,24.66,253129364.662153,0.0539908822438157,30.0,307943266.012351,0.0656823384961262,1.54620212269627
147,Cartilage ,T cells,0.03039435791129,connective,Others,extrapolation,129545.518321461,1.40615666376879,199.33984553515,1.04332784880751,820.0,106227325.023598,0.0226576122611434,900.0,116590966.489315,0.0248681110183282,1100.0,142500070.153607,0.03039435791129,1.40985814203483
148,Colon,T cells,0.524643244753628,barrier epithelial,GI,human,6647899.81845638,1.41875120916425,199.33984553515,1.04332784880751,210.0,1396058961.87584,0.297770490265572,360.0,2393243934.6443,0.510463697598124,370.0,2459722932.82886,0.524643244753628,1.42239121399523
149,Connective tissue,T cells,0.0442099751436945,connective,Others,extrapolation,129545.518321461,1.40615666376879,199.33984553515,1.04332784880751,701.37,90859340.1851234,0.0193797189165831,1315.07,170361424.779004,0.0363370075076365,1600.0,207272829.314338,0.0442099751436945,1.40985814203483
150,Epididymes,T cells,0.00931806638911579,internal epithelial,Others,extrapolation,2569797.98301887,1.95082149143974,199.33984553515,1.04332784880751,1.6,4111676.77283019,0.000876994483681486,0.0,0.0,0.0,17.0,43686565.7113208,0.00931806638911579,1.9534466276004
151,Esophagus,T cells,0.0875764513281682,barrier epithelial,GI,extrapolation,10264775.533745,1.54300632953774,199.33984553515,1.04332784880751,18.0,184765959.607411,0.0394094030976757,35.0,359267143.681076,0.0766293949121472,40.0,410591021.349801,0.0875764513281682,1.54620212269627
152,Eyes ,T cells,0.000316539510320389,CNS,Others,extrapolation,98937.0078896323,1.14877579529903,199.33984553515,1.04332784880751,12.0,1187244.09467559,0.000253231608256311,15.0,1484055.11834448,0.000316539510320389,15.0,1484055.11834448,0.000316539510320389,1.15608296576434
153,Fallopian tubes,T cells,0.0,internal epithelial,Others,extrapolation,2569797.98301887,1.95082149143974,199.33984553515,1.04332784880751,0.0,0.0,0.0,2.1,5396575.76433963,0.00115105525983195,0.0,0.0,0.0,1.9534466276004
154,Gallbladder,T cells,0.00548121552300929,internal epithelial,Others,extrapolation,2569797.98301887,1.95082149143974,199.33984553515,1.04332784880751,4.4,11307111.125283,0.00241173483012409,8.0,20558383.864151,0.00438497241840743,10.0,25697979.8301887,0.00548121552300929,1.9534466276004
155,Heart,T cells,0.00388436890482966,striated muscle,Others,human,55185.9640744938,1.77841519634609,199.33984553515,1.04332784880751,140.0,7726034.97042913,0.00164791408083683,250.0,13796491.0186234,0.00294270371578005,330.0,18211368.1445829,0.00388436890482966,1.78119227997992
156,Kidneys,T cells,0.0988836066770949,internal epithelial,Others,human,1495494.11914031,1.05975201750669,199.33984553515,1.04332784880751,180.0,269188941.445256,0.0574162877479906,275.0,411260882.763585,0.0877193285038745,310.0,463603176.933496,0.0988836066770949,1.07452931154256
157,Larynx,T cells,0.0613035159297178,barrier epithelial,Lungs,extrapolation,10264775.533745,1.54300632953774,199.33984553515,1.04332784880751,12.0,123177306.40494,0.0262729353984505,19.0,195030735.141156,0.0415988143808799,28.0,287413714.944861,0.0613035159297178,1.54620212269627
158,Liver,T cells,1.69536673848726,internal epithelial,Liver,human,4415839.27947783,2.0657368982681,199.33984553515,1.04332784880751,830.0,3665146601.9666,0.781752440524681,1400.0,6182174991.26896,1.31861857437898,1800.0,7948510703.06009,1.69536673848726,2.06829761835913
159,Lungs,T cells,2.56161120134892,barrier epithelial,Lungs,extrapolation,10264775.533745,1.54300632953774,199.33984553515,1.04332784880751,487.0,4998945684.93383,1.06624329492045,925.0,9494917368.71416,2.02520543696389,1170.0,12009787374.4817,2.56161120134892,1.54620212269627
160,Lymph nodes,T cells,46.4395959179535,lymphatic system,Lymph system,multiplex,967671652.968992,1.30114194987333,199.33984553515,1.04332784880751,99.0,95799493643.9302,20.4334222038995,185.0,179019255799.264,38.1836677547617,225.0,217726121918.023,46.4395959179535,1.30556715185228
161,Lymph vessels,T cells,0.0139537734047286,connective,Lymph system,human,129545.518321461,1.40615666376879,199.33984553515,1.04332784880751,221.0,28629559.549043,0.0061065028167228,415.0,53761390.1034065,0.0114669623028958,505.0,65420486.752338,0.0139537734047286,1.40985814203483
162,Ovaries,T cells,0.0,internal epithelial,Others,extrapolation,2569797.98301887,1.95082149143974,199.33984553515,1.04332784880751,0.0,0.0,0.0,11.0,28267777.8132076,0.00602933707531022,0.0,0.0,0.0,1.9534466276004
163,Pancreas,T cells,0.07673701732213,internal epithelial,Others,extrapolation,2569797.98301887,1.95082149143974,199.33984553515,1.04332784880751,60.0,154187878.981132,0.0328872931380557,120.0,308375757.962264,0.0657745862761115,140.0,359771717.622642,0.07673701732213,1.9534466276004
164,Parathyroid glands,T cells,9.86618794141672e-05,internal epithelial,Others,extrapolation,2569797.98301887,1.95082149143974,199.33984553515,1.04332784880751,0.08,205583.83864151,4.38497241840743e-05,0.15,385469.69745283,8.22182328451393e-05,0.18,462563.636943397,9.86618794141672e-05,1.9534466276004
165,Periarticular tissue,T cells,0.0248681110183282,connective,Others,extrapolation,129545.518321461,1.40615666376879,199.33984553515,1.04332784880751,394.52,51108297.8881829,0.0109010746210565,739.73,95828706.2679346,0.0204396530706532,900.0,116590966.489315,0.0248681110183282,1.40985814203483
166,Pineal gland,T cells,9.86618794141672e-05,internal epithelial,Others,extrapolation,2569797.98301887,1.95082149143974,199.33984553515,1.04332784880751,0.08,205583.83864151,4.38497241840743e-05,0.15,385469.69745283,8.22182328451393e-05,0.18,462563.636943397,9.86618794141672e-05,1.9534466276004
167,Pituitary gland,T cells,0.000328872931380557,internal epithelial,Others,extrapolation,2569797.98301887,1.95082149143974,199.33984553515,1.04332784880751,0.35,899429.294056604,0.000191842543305325,0.6,1541878.78981132,0.000328872931380557,0.6,1541878.78981132,0.000328872931380557,1.9534466276004
168,Prostate gland,T cells,0.00931806638911579,internal epithelial,Others,extrapolation,2569797.98301887,1.95082149143974,199.33984553515,1.04332784880751,1.6,4111676.77283019,0.000876994483681486,0.0,0.0,0.0,17.0,43686565.7113208,0.00931806638911579,1.9534466276004
169,Red marrow,T cells,4.58488227212162,marrow,Bone Marrow,human,18372338.2171317,1.99320394861309,199.33984553515,1.04332784880751,630.0,11574573076.793,2.46878276191164,900.0,16535104395.4185,3.52683251701663,1170.0,21495635714.0441,4.58488227212162,1.99580264482832
170,SI,T cells,2.80341584776256,barrier epithelial,GI,human,20251860.7336046,1.35680503222268,199.33984553515,1.04332784880751,369.0,7472936610.70012,1.5939298117479,601.0,12171368300.8964,2.59607538444576,649.0,13143457616.1094,2.80341584776256,1.36079162051348
171,Salivary glands,T cells,0.0465903319455789,internal epithelial,Others,extrapolation,2569797.98301887,1.95082149143974,199.33984553515,1.04332784880751,44.0,113071111.25283,0.0241173483012409,70.0,179885858.811321,0.038368508661065,85.0,218432828.556604,0.0465903319455789,1.9534466276004
172,Skeletal Muscles,T cells,1.50646908315809,striated muscle,Others,human,247820.636513974,1.123684781597,199.33984553515,1.04332784880751,11000.0,2726027001.65372,0.581444207534701,17500.0,4336861138.99455,0.925024875623389,28500.0,7062888140.64826,1.50646908315809,1.13211500864724
173,Skin,T cells,5.65445571483941,barrier epithelial,Skin,human,8033392.23398575,1.14694401455961,199.33984553515,1.04332784880751,820.0,6587381631.86832,1.40504657156616,2300.0,18476802138.1672,3.94098428610019,3300.0,26510194372.153,5.65445571483941,1.15432093819229
174,Spinal cord,T cells,0.000633079020640779,CNS,Others,extrapolation,98937.0078896323,1.14877579529903,199.33984553515,1.04332784880751,13.0,1286181.10256522,0.000274334242277671,25.0,2473425.19724081,0.000527565850533982,30.0,2968110.23668897,0.000633079020640779,1.15608296576434
175,Spleen,T cells,24.224629944641,lymphatic system,Lymph system,multiplex,757160583.691592,1.34312369666626,199.33984553515,1.04332784880751,80.0,60572846695.3273,12.9198026371418,130.0,98430875879.9069,20.9946792853555,150.0,113574087553.739,24.224629944641,1.34720451079945
176,Stomach,T cells,0.328411692480631,barrier epithelial,GI,extrapolation,10264775.533745,1.54300632953774,199.33984553515,1.04332784880751,84.0,862241144.834583,0.183910547789153,141.0,1447333350.25805,0.308706990931793,150.0,1539716330.06176,0.328411692480631,1.54620212269627
177,Testes,T cells,0.0191842543305325,internal epithelial,Others,extrapolation,2569797.98301887,1.95082149143974,199.33984553515,1.04332784880751,2.0,5139595.96603774,0.00109624310460186,0.0,0.0,0.0,35.0,89942929.4056604,0.0191842543305325,1.9534466276004
178,Thymus,T cells,6.28754974037251,lymphatic system,Lymph system,multiplex,1473918747.86828,1.2480752782075,199.33984553515,1.04332784880751,40.0,58956749914.7313,12.575099480745,25.0,36847968696.7071,7.85943717546564,20.0,29478374957.3657,6.28754974037251,1.25310604354673
179,Thyroid,T cells,0.0109624310460186,internal epithelial,Others,extrapolation,2569797.98301887,1.95082149143974,199.33984553515,1.04332784880751,7.9,20301404.0658491,0.00433016026317734,17.0,43686565.7113208,0.00931806638911579,20.0,51395959.6603774,0.0109624310460186,1.9534466276004
180,Tongue,T cells,0.00182089039978058,striated muscle,Others,extrapolation,116945.37504142,2.28631319639271,199.33984553515,1.04332784880751,32.0,3742252.00132543,0.000798198531410666,60.0,7016722.50248519,0.001496622246395,73.0,8537012.37802364,0.00182089039978058,2.28879993703118
181,Tonsils,T cells,0.454901214616904,lymphatic system,Lymph system,multiplex,710915440.129448,1.51475646503608,199.33984553515,1.04332784880751,3.0,2132746320.38834,0.454901214616904,3.0,2132746320.38834,0.454901214616904,3.0,2132746320.38834,0.454901214616904,1.51803279412045
182,Trachea,T cells,0.021894112832042,barrier epithelial,Lungs,extrapolation,10264775.533745,1.54300632953774,199.33984553515,1.04332784880751,4.5,46191489.9018527,0.00985235077441892,8.0,82118204.2699603,0.0175152902656336,10.0,102647755.33745,0.021894112832042,1.54620212269627
183,Ureters,T cells,0.00876994483681486,internal epithelial,Others,extrapolation,2569797.98301887,1.95082149143974,199.33984553515,1.04332784880751,7.0,17988585.8811321,0.0038368508661065,15.0,38546969.7452831,0.00822182328451393,16.0,41116767.7283019,0.00876994483681486,1.9534466276004
184,Urethra,T cells,0.00548121552300929,internal epithelial,Others,extrapolation,2569797.98301887,1.95082149143974,199.33984553515,1.04332784880751,3.0,7709393.94905661,0.00164436465690279,3.0,7709393.94905661,0.00164436465690279,10.0,25697979.8301887,0.00548121552300929,1.9534466276004
185,Urinary bladder,T cells,0.0274060776150464,internal epithelial,Others,extrapolation,2569797.98301887,1.95082149143974,199.33984553515,1.04332784880751,25.0,64244949.5754718,0.0137030388075232,40.0,102791919.320755,0.0219248620920371,50.0,128489899.150944,0.0274060776150464,1.9534466276004
186,Uterus,T cells,0.0,internal epithelial,Others,extrapolation,2569797.98301887,1.95082149143974,199.33984553515,1.04332784880751,0.0,0.0,0.0,80.0,205583838.64151,0.0438497241840743,0.0,0.0,0.0,1.9534466276004
187,Yellow marrow,T cells,0.045687634885787,adipose tissue,Others,extrapolation,86371.2292476367,1.68094423801266,199.33984553515,1.04332784880751,630.0,54413874.4260111,0.0116061330556636,1800.0,155468212.645746,0.0331603801590389,2480.0,214200648.534139,0.045687634885787,1.68385334660037
190,Blood,Basophils,0.0776430132571176,blood,Blood,human,34664.2598056601,1.15282251978621,380.60455664771,1.18187511804479,2616.0,90681703.6516068,0.0369298404873854,4251.0,147357768.433861,0.0600109907920012,5500.0,190653428.931131,0.0776430132571176,1.2453617409249
216,Red marrow,Basophils,0.614898733440447,marrow,Bone Marrow,human,1290505.8442373,2.42549585773474,380.60455664771,1.18187511804479,630.0,813018681.869502,0.331099318006395,900.0,1161455259.81357,0.472999025723421,1170.0,1509891837.75765,0.614898733440447,2.46367874470072
237,Blood,Eosinophils,0.304374200070973,blood,Blood,human,175555.788849974,1.21154154348166,294.609139339334,1.11070491313748,2616.0,459253943.631532,0.144771437706484,4251.0,746287658.401239,0.235253586273037,5500.0,965556838.674856,0.304374200070973,1.24450729400655
242,Colon,Eosinophils,0.0883630721616971,barrier epithelial,GI,human,757598.471314053,2.36818141479542,294.609139339334,1.11070491313748,210.0,159095678.975951,0.0501520139296119,360.0,272735449.673059,0.0859748810221918,370.0,280311434.3862,0.0883630721616971,2.38331475245511
253,Lungs,Eosinophils,0.425401728985969,barrier epithelial,Lungs,human,1153409.1594495,1.67976493976048,294.609139339334,1.11070491313748,487.0,561710260.651906,0.177068924800143,925.0,1066903472.49079,0.336321879753864,1170.0,1349488716.55591,0.425401728985969,1.69753058708072
263,Red marrow,Eosinophils,9.13619137233991,marrow,Bone Marrow,human,24771330.470281,1.62806137331731,294.609139339334,1.11070491313748,630.0,15605938196.277,4.91948766202919,900.0,22294197423.2529,7.02783951718455,1170.0,28982456650.2288,9.13619137233991,1.64636669820478
264,SI,Eosinophils,0.097314051344396,barrier epithelial,GI,human,475664.635052665,1.81817230125445,294.609139339334,1.11070491313748,369.0,175520250.334433,0.0553295607797875,601.0,285874445.666651,0.0901167101047488,649.0,308706348.149179,0.097314051344396,1.8348847386106
269,Spleen,Eosinophils,0.728308514349164,lymphatic system,Lymph system,human,15402603.4736406,1.38274560516208,294.609139339334,1.11070491313748,80.0,1232208277.89124,0.388431207652887,130.0,2002338451.57327,0.631200712435942,150.0,2310390521.04608,0.728308514349164,1.40586847566792
270,Stomach,Eosinophils,0.00728417623481373,barrier epithelial,GI,human,154049.109637573,2.31308986593613,294.609139339334,1.11070491313748,84.0,12940125.2095561,0.00407913869149569,141.0,21720924.4588978,0.00684712566072491,150.0,23107366.4456359,0.00728417623481373,2.32828422526014
272,Thymus,Eosinophils,0.0188642539755922,lymphatic system,Lymph system,human,2992124.40285431,1.069116762878,294.609139339334,1.11070491313748,40.0,119684976.114172,0.0377285079511843,25.0,74803110.0713578,0.0235803174694902,20.0,59842488.0570862,0.0188642539755922,1.13253790746053
282,Adipose tissue,Mast cells,0.272814716301938,adipose tissue,Others,human,17430.123685383,1.88856216598424,1008.82432317376,1.39527357169945,7500.0,130725927.640372,0.141111060156175,19000.0,331172350.022277,0.357481352395643,14500.0,252736793.438053,0.272814716301938,2.04988151601973
287,Bronchial tree,Mast cells,0.417037474008108,barrier epithelial,Lungs,human,12878180.3944992,1.47893012294713,1008.82432317376,1.39527357169945,13.15,169348072.187665,0.182801426106887,24.66,317575928.528351,0.342804803634665,30.0,386345411.834977,0.417037474008108,1.67177668997914
288,Cartilage ,Mast cells,5.43353876942845,connective,Others,extrapolation,4576050.01606105,1.52688884317458,1008.82432317376,1.39527357169945,820.0,3752361013.17006,4.05045617357393,900.0,4118445014.45495,4.44562262953237,1100.0,5033655017.66716,5.43353876942845,1.71358202374378
289,Colon,Mast cells,1.35926108737348,barrier epithelial,GI,human,3403312.56957885,1.57004537588225,1008.82432317376,1.39527357169945,210.0,714695639.611559,0.771472509049814,360.0,1225192525.04839,1.32252430122825,370.0,1259225650.74418,1.35926108737348,1.75199226236587
290,Connective tissue,Mast cells,7.90332911916865,connective,Others,human,4576050.01606105,1.52688884317458,1008.82432317376,1.39527357169945,701.37,3209504199.76474,3.46447371519457,1315.07,6017826094.62141,6.4958943904657,1600.0,7321680025.69768,7.90332911916865,1.71358202374378
292,Esophagus,Mast cells,0.371170600432395,barrier epithelial,GI,extrapolation,8596353.2909216,1.70314980452136,1008.82432317376,1.39527357169945,18.0,154734359.236589,0.167026770194578,35.0,300872365.182256,0.324774275378345,40.0,343854131.636864,0.371170600432395,1.87400763794812
296,Heart,Mast cells,0.153115215798052,striated muscle,Others,human,429838.278786876,2.12096771825252,1008.82432317376,1.39527357169945,140.0,60177359.0301626,0.0649579703385673,250.0,107459569.696719,0.115996375604585,330.0,141846631.999669,0.153115215798052,2.27584448627689
298,Larynx,Mast cells,0.259819420302676,barrier epithelial,Lungs,extrapolation,8596353.2909216,1.70314980452136,1008.82432317376,1.39527357169945,12.0,103156239.491059,0.111351180129718,19.0,163330712.527511,0.176306035205388,28.0,240697892.145805,0.259819420302676,1.87400763794812
300,Lungs,Mast cells,22.7580842755625,barrier epithelial,Lungs,human,18019822.8499905,1.75006715125403,1008.82432317376,1.39527357169945,487.0,8775653727.94535,9.47280943777687,925.0,16668336136.2412,17.9925025255516,1170.0,21083192734.4888,22.7580842755625,1.91798902564071
306,Periarticular tissue,Mast cells,4.44562262953237,connective,Others,extrapolation,4576050.01606105,1.52688884317458,1008.82432317376,1.39527357169945,394.52,1805343252.33641,1.94876337755901,739.73,3385041478.38084,3.65395603082664,900.0,4118445014.45495,4.44562262953237,1.71358202374378
310,Red marrow,Mast cells,0.933488811112544,marrow,Bone Marrow,human,739135.280677331,2.3739579216957,1008.82432317376,1.39527357169945,630.0,465655226.826718,0.502647821368293,900.0,665221752.609598,0.718068316240418,1170.0,864788278.392477,0.933488811112544,2.52566556553646
311,SI,Mast cells,5.24442850934542,barrier epithelial,GI,human,7486074.59630679,1.44030818761379,1008.82432317376,1.39527357169945,369.0,2762361526.0372,2.98180912164632,601.0,4499130832.38038,4.85655090002557,649.0,4858462413.0031,5.24442850934542,1.63891494947569
313,Skeletal Muscles,Mast cells,13.2235868189226,striated muscle,Others,extrapolation,429838.278786876,2.12096771825252,1008.82432317376,1.39527357169945,11000.0,4728221066.65563,5.10384052660172,17500.0,7522169878.77033,8.11974629232091,28500.0,12250390945.426,13.2235868189226,2.27584448627689
314,Skin,Mast cells,30.6215745356725,barrier epithelial,Skin,extrapolation,8596353.2909216,1.70314980452136,1008.82432317376,1.39527357169945,820.0,7049009698.55572,7.60899730886409,2300.0,19771612569.1197,21.3423095248627,3300.0,28367965860.0413,30.6215745356725,1.87400763794812
317,Stomach,Mast cells,2.69860506448981,barrier epithelial,GI,human,16666666.6666667,1.0,1008.82432317376,1.39527357169945,84.0,1400000000.0,1.51121883611429,141.0,2350000000.0,2.53668876062042,150.0,2500000000.0,2.69860506448981,1.39527357169945
321,Tongue,Mast cells,0.0338709416765387,striated muscle,Others,extrapolation,429838.278786876,2.12096771825252,1008.82432317376,1.39527357169945,32.0,13754824.92118,0.0148475360773868,60.0,25790296.7272125,0.0278391301451003,73.0,31378194.3514419,0.0338709416765387,2.27584448627689
323,Trachea,Mast cells,0.044205376872061,barrier epithelial,Lungs,human,4095206.20984405,2.46062789639031,1008.82432317376,1.39527357169945,4.5,18428427.9442982,0.0198924195924275,8.0,32761649.6787524,0.0353643014976488,10.0,40952062.0984405,0.044205376872061,2.61183150011207
328,Yellow marrow,Mast cells,0.0466607238916418,adipose tissue,Others,extrapolation,17430.123685383,1.88856216598424,1008.82432317376,1.39527357169945,630.0,10980977.9217913,0.0118533290531187,1800.0,31374222.6336894,0.0338666544374819,2480.0,43226706.7397498,0.0466607238916418,2.04988151601973
331,Blood,Neutrophils,6.96861321527752,blood,Blood,human,4009894.48335296,1.04949353381943,295.30238074561,1.08338703688733,2616.0,10489883968.4513,3.31452584930291,4251.0,17046061448.7334,5.38610450511722,5500.0,22054419658.4413,6.96861321527752,1.09804674934768
334,Bronchial tree,Neutrophils,0.00537137269838393,barrier epithelial,Lungs,extrapolation,566647.930142658,4.1860252750152,295.30238074561,1.08338703688733,13.15,7451420.28137595,0.00235445169945829,24.66,13973537.9573179,0.00441526835807159,30.0,16999437.9042797,0.00537137269838393,4.19540591043332
336,Colon,Neutrophils,0.0207327691041079,barrier epithelial,GI,human,177339.247394775,2.52638534457743,295.30238074561,1.08338703688733,210.0,37241241.9529028,0.0117672473293586,360.0,63842129.0621191,0.0201724239931861,370.0,65615521.5360668,0.0207327691041079,2.53512735826547
339,Esophagus,Neutrophils,0.0071618302645119,barrier epithelial,GI,extrapolation,566647.930142658,4.1860252750152,295.30238074561,1.08338703688733,18.0,10199662.7425678,0.00322282361903036,35.0,19832677.554993,0.00626660148144792,40.0,22665917.2057063,0.0071618302645119,4.19540591043332
343,Heart,Neutrophils,0.000100955237235844,striated muscle,Others,extrapolation,968.198014802763,1.25146085718437,295.30238074561,1.08338703688733,140.0,135547.722072387,4.28294945849035e-05,250.0,242049.503700691,7.64812403301848e-05,330.0,319505.344884912,0.000100955237235844,1.26893953710301
345,Larynx,Neutrophils,0.00501328118515833,barrier epithelial,Lungs,extrapolation,566647.930142658,4.1860252750152,295.30238074561,1.08338703688733,12.0,6799775.16171189,0.00214854907935357,19.0,10766310.6727105,0.00340186937564315,28.0,15866142.0439944,0.00501328118515833,4.19540591043332
347,Lungs,Neutrophils,0.669357817769189,barrier epithelial,Lungs,human,1810596.81628274,2.11074511949231,295.30238074561,1.08338703688733,487.0,881760649.529695,0.278613040387688,925.0,1674802055.06154,0.529193146526923,1170.0,2118398275.05081,0.669357817769189,2.11980098509659
348,Lymph nodes,Neutrophils,0.33035518395285,lymphatic system,Lymph system,human,4646734.74759007,1.99788672947572,295.30238074561,1.08338703688733,99.0,460026740.011417,0.145356280939254,185.0,859645928.304163,0.271625373472343,225.0,1045515318.20777,0.33035518395285,2.00713618510401
357,Red marrow,Neutrophils,186.992367026977,marrow,Bone Marrow,human,505809860.466834,1.12381787322592,295.30238074561,1.08338703688733,630.0,318660212094.106,100.688197629911,900.0,455228874420.151,143.840282328444,1170.0,591797536746.196,186.992367026977,1.15207707378077
358,SI,Neutrophils,0.116200696041706,barrier epithelial,GI,extrapolation,566647.930142658,4.1860252750152,295.30238074561,1.08338703688733,369.0,209093086.222641,0.0660678841901223,601.0,340555406.015737,0.107606499724291,649.0,367754506.662585,0.116200696041706,4.19540591043332
360,Skeletal Muscles,Neutrophils,0.00871886139764106,striated muscle,Others,human,968.198014802763,1.25146085718437,295.30238074561,1.08338703688733,11000.0,10650178.1628304,0.00336517457452813,17500.0,16943465.2590484,0.00535368682311293,28500.0,27593643.4218788,0.00871886139764106,1.26893953710301
361,Skin,Neutrophils,0.590850996822232,barrier epithelial,Skin,extrapolation,566647.930142658,4.1860252750152,295.30238074561,1.08338703688733,820.0,464651302.716979,0.146817520422494,2300.0,1303290239.32811,0.411805240209434,3300.0,1869938169.47077,0.590850996822232,4.19540591043332
363,Spleen,Neutrophils,13.9473011838985,lymphatic system,Lymph system,human,294271494.112117,1.21730006537427,295.30238074561,1.08338703688733,80.0,23541719528.9693,7.43856063141256,130.0,38255294234.5752,12.0876610260454,150.0,44140724116.8175,13.9473011838985,1.23654482523144
364,Stomach,Neutrophils,0.0268568634919196,barrier epithelial,GI,extrapolation,566647.930142658,4.1860252750152,295.30238074561,1.08338703688733,84.0,47598426.1319832,0.015039843555475,141.0,79897358.1501147,0.0252454516824044,150.0,84997189.5213986,0.0268568634919196,4.19540591043332
366,Thymus,Neutrophils,0.233683882662727,lymphatic system,Lymph system,extrapolation,36978393.3793238,8.3414275700376,295.30238074561,1.08338703688733,40.0,1479135735.17295,0.467367765325454,25.0,924459834.483095,0.292104853328409,20.0,739567867.586476,0.233683882662727,8.35404516526812
368,Tongue,Neutrophils,2.23325221764139e-05,striated muscle,Others,extrapolation,968.198014802763,1.25146085718437,295.30238074561,1.08338703688733,32.0,30982.3364736884,9.78959876226365e-06,60.0,58091.8808881658,1.83554976792443e-05,73.0,70678.4550806017,2.23325221764139e-05,1.26893953710301
369,Tonsils,Neutrophils,0.035052582399409,lymphatic system,Lymph system,extrapolation,36978393.3793238,8.3414275700376,295.30238074561,1.08338703688733,3.0,110935180.137971,0.035052582399409,3.0,110935180.137971,0.035052582399409,3.0,110935180.137971,0.035052582399409,8.35404516526812
370,Trachea,Neutrophils,0.00179045756612798,barrier epithelial,Lungs,extrapolation,566647.930142658,4.1860252750152,295.30238074561,1.08338703688733,4.5,2549915.68564196,0.000805705904757589,8.0,4533183.44114126,0.00143236605290238,10.0,5666479.30142658,0.00179045756612798,4.19540591043332
376,Adipose tissue,Macrophages,9.96189310499525,adipose tissue,Others,human,246165.186712249,2.00671531936048,2608.33556700174,1.49011684476769,7500.0,1846238900.34187,5.15270333016996,19000.0,4677138547.53274,13.0535151030972,14500.0,3569395207.32761,9.96189310499525,2.23137564651131
377,Adrenal glands,Macrophages,0.30954896543595,internal epithelial,Others,mouse,7922351.00307435,2.15755840942718,2608.33556700174,1.49011684476769,7.0,55456457.0215205,0.154774482717975,13.0,102990563.039967,0.287438325047668,14.0,110912914.043041,0.30954896543595,2.37800667369611
378,Brain,Macrophages,13.4738627622811,CNS,Others,human,7964991.80016243,1.07915394382364,1090.322581,1.49999999976402,1300.0,10354489340.2112,12.0800148903209,1300.0,10354489340.2112,12.0800148903209,1450.0,11549238110.2355,13.4738627622811,1.51067869489774
379,Breasts,Macrophages,0.510636629115405,internal epithelial,Others,extrapolation,7318544.44708509,2.13148916828374,2608.33556700174,1.49011684476769,15.0,109778166.706276,0.306381977469243,500.0,3659272223.54255,10.2127325823081,25.0,182963611.177127,0.510636629115405,2.35252633929648
380,Bronchial tree,Macrophages,0.314295295424354,barrier epithelial,Lungs,extrapolation,3753784.91266475,2.07759044474571,2608.33556700174,1.49011684476769,13.15,49362271.6015415,0.137766104494342,24.66,92568335.9463129,0.258350732838819,30.0,112613547.379943,0.314295295424354,2.30001880115787
381,Cartilage ,Macrophages,6.06416242764935,connective,Others,extrapolation,1975290.15433404,1.226788094716,2608.33556700174,1.49011684476769,820.0,1619737926.55391,4.52055744606588,900.0,1777761138.90064,4.96158744080402,1100.0,2172819169.76744,6.06416242764935,1.56545829338884
382,Colon,Macrophages,3.82644426303464,barrier epithelial,GI,human,8807231.70570702,1.92819520753434,1097.41392785263,1.26761198783238,210.0,1849518658.19847,2.17176566280344,360.0,3170603414.05452,3.72302685052019,370.0,3258675731.1116,3.82644426303464,2.0099193162157
383,Connective tissue,Macrophages,3.58430417555318,connective,Others,human,1975290.15433404,1.226788094716,1059.912951,1.06748999233439,701.37,1385409255.54527,1.57120213725483,1315.07,2597644823.26007,2.94600680759045,1600.0,3160464246.93446,3.58430417555318,1.23934116702818
384,Epididymes,Macrophages,0.347232907798475,internal epithelial,Others,extrapolation,7318544.44708509,2.13148916828374,2608.33556700174,1.49011684476769,1.6,11709671.1153362,0.0326807442633859,0.0,0.0,0.0,17.0,124415255.600447,0.347232907798475,2.35252633929648
385,Esophagus,Macrophages,0.419060393899139,barrier epithelial,GI,extrapolation,3753784.91266475,2.07759044474571,2608.33556700174,1.49011684476769,18.0,67568128.4279656,0.188577177254613,35.0,131382471.943266,0.366677844661747,40.0,150151396.50659,0.419060393899139,2.30001880115787
386,Eyes ,Macrophages,0.333444711022017,CNS,Others,extrapolation,7964991.80016243,1.07915394382364,2608.33556700174,1.49011684476769,12.0,95579901.6019492,0.266755768817613,15.0,119474877.002437,0.333444711022017,15.0,119474877.002437,0.333444711022017,1.5008985281853
387,Fallopian tubes,Macrophages,0.0,internal epithelial,Others,extrapolation,7318544.44708509,2.13148916828374,2608.33556700174,1.49011684476769,0.0,0.0,0.0,2.1,15368943.3388787,0.0428934768456941,0.0,0.0,0.0,2.35252633929648
388,Gallbladder,Macrophages,0.204254651646162,internal epithelial,Others,extrapolation,7318544.44708509,2.13148916828374,2608.33556700174,1.49011684476769,4.4,32201595.5671744,0.0898720467243113,8.0,58548355.5766807,0.16340372131693,10.0,73185444.4708509,0.204254651646162,2.35252633929648
389,Heart,Macrophages,0.625384911437096,striated muscle,Others,human,679025.709358957,1.9171751900639,2608.33556700174,1.49011684476769,140.0,95063599.310254,0.265314810912708,250.0,169756427.339739,0.473776448058406,330.0,224078484.088456,0.625384911437096,2.14543901753932
390,Kidneys,Macrophages,1.80826364306673,internal epithelial,Others,human,2090031.4224576,1.05870693617104,2608.33556700174,1.49011684476769,180.0,376205656.042367,1.04995953468391,275.0,574758641.175839,1.60410484465597,310.0,647909740.961855,1.80826364306673,1.49617776410263
391,Larynx,Macrophages,0.293342275729397,barrier epithelial,Lungs,extrapolation,3753784.91266475,2.07759044474571,2608.33556700174,1.49011684476769,12.0,45045418.9519771,0.125718118169742,19.0,71321913.3406304,0.199053687102091,28.0,105105977.554613,0.293342275729397,2.30001880115787
392,Liver,Macrophages,107.968075072478,internal epithelial,Liver,human,19976817.7433637,1.02456449593263,2806.162188,1.24316312103602,830.0,16580758726.9919,49.7852790611982,1400.0,27967544840.7092,83.9751695008161,1800.0,35958271938.0547,107.968075072478,1.24484086619855
393,Lungs,Macrophages,87.0636158862017,barrier epithelial,Lungs,human,24249703.2871138,2.27275676691552,2867.87773053672,1.39049181006473,487.0,11809605500.8244,36.239299945795,925.0,22430975540.5803,68.8323458929372,1170.0,28372152845.9232,87.0636158862017,2.42227178198284
394,Lymph nodes,Macrophages,20.8215480815198,lymphatic system,Lymph system,multiplex,33157612.8923399,1.83350321851455,2608.33556700174,1.49011684476769,99.0,3282603676.34165,9.16148115586869,185.0,6134158385.08288,17.119939533694,225.0,7460462900.77648,20.8215480815198,2.06611627522408
395,Lymph vessels,Macrophages,2.78400184178448,connective,Lymph system,extrapolation,1975290.15433404,1.226788094716,2608.33556700174,1.49011684476769,221.0,436539124.107823,1.2183453604641,415.0,819745414.048627,2.28784309770408,505.0,997521527.93869,2.78400184178448,1.56545829338884
396,Ovaries,Macrophages,0.0,internal epithelial,Others,extrapolation,7318544.44708509,2.13148916828374,2608.33556700174,1.49011684476769,0.0,0.0,0.0,11.0,80503988.917936,0.224680116810778,0.0,0.0,0.0,2.35252633929648
397,Pancreas,Macrophages,2.85956512304627,internal epithelial,Others,extrapolation,7318544.44708509,2.13148916828374,2608.33556700174,1.49011684476769,60.0,439112666.825106,1.22552790987697,120.0,878225333.650211,2.45105581975394,140.0,1024596222.59191,2.85956512304627,2.35252633929648
398,Parathyroid glands,Macrophages,0.00367658372963092,internal epithelial,Others,extrapolation,7318544.44708509,2.13148916828374,2608.33556700174,1.49011684476769,0.08,585483.555766807,0.0016340372131693,0.15,1097781.66706276,0.00306381977469243,0.18,1317338.00047532,0.00367658372963092,2.35252633929648
399,Periarticular tissue,Macrophages,4.96158744080402,connective,Others,extrapolation,1975290.15433404,1.226788094716,2608.33556700174,1.49011684476769,394.52,779291471.687865,2.17493941905111,739.73,1461181385.86552,4.07803897509551,900.0,1777761138.90064,4.96158744080402,1.56545829338884
400,Pineal gland,Macrophages,0.00367658372963092,internal epithelial,Others,extrapolation,7318544.44708509,2.13148916828374,2608.33556700174,1.49011684476769,0.08,585483.555766807,0.0016340372131693,0.15,1097781.66706276,0.00306381977469243,0.18,1317338.00047532,0.00367658372963092,2.35252633929648
401,Pituitary gland,Macrophages,0.0122552790987697,internal epithelial,Others,extrapolation,7318544.44708509,2.13148916828374,2608.33556700174,1.49011684476769,0.35,2561490.55647978,0.00714891280761567,0.6,4391126.66825106,0.0122552790987697,0.6,4391126.66825106,0.0122552790987697,2.35252633929648
402,Prostate gland,Macrophages,0.347232907798475,internal epithelial,Others,extrapolation,7318544.44708509,2.13148916828374,2608.33556700174,1.49011684476769,1.6,11709671.1153362,0.0326807442633859,0.0,0.0,0.0,17.0,124415255.600447,0.347232907798475,2.35252633929648
403,Red marrow,Macrophages,135.678336106354,marrow,Bone Marrow,human,41550610.2036315,1.91101779302477,2608.33556700174,1.49011684476769,630.0,26176884428.2878,73.057565595729,900.0,37395549183.2683,104.367950851041,1170.0,48614213938.2488,135.678336106354,2.13956651720262
404,SI,Macrophages,1.238509333999,barrier epithelial,GI,human,1625175.78125839,1.58479751882408,1097.41392785263,1.26761198783238,369.0,599689863.284344,0.704175568945501,601.0,976730644.53629,1.14690925998983,649.0,1054739082.03669,1.238509333999,1.67855230322717
405,Salivary glands,Macrophages,1.73616453899238,internal epithelial,Others,extrapolation,7318544.44708509,2.13148916828374,2608.33556700174,1.49011684476769,44.0,322015955.671744,0.898720467243113,70.0,512298111.295956,1.42978256152314,85.0,622076278.002233,1.73616453899238,2.35252633929648
406,Skeletal Muscles,Macrophages,56.6123728155625,striated muscle,Others,human,711736.530444064,1.29141059949896,2608.33556700174,1.49011684476769,11000.0,7829101834.8847,21.850389507761,17500.0,12455389282.7711,34.7619833078015,28500.0,20284491117.6558,56.6123728155625,1.60608395299496
407,Skin,Macrophages,17.3871485284557,barrier epithelial,Skin,human,3638425.44502031,1.2723130851616,1353.37193515125,1.67519771734042,820.0,2983508864.91665,4.32044296767687,2300.0,8368378523.5467,12.1183156410449,3300.0,12006803968.567,17.3871485284557,1.76716124407681
408,Spinal cord,Macrophages,0.666889422044033,CNS,Others,extrapolation,7964991.80016243,1.07915394382364,2608.33556700174,1.49011684476769,13.0,103544893.402112,0.288985416219081,25.0,199124795.004061,0.555741185036694,30.0,238949754.004873,0.666889422044033,1.5008985281853
409,Spleen,Macrophages,66.962413771591,lymphatic system,Lymph system,multiplex,113102297.212774,1.36363379972721,3688.795993,1.66428997490035,80.0,9048183777.02194,35.7132873448486,130.0,14703298637.6607,58.0340919353789,150.0,16965344581.9161,66.962413771591,1.81555403654111
410,Stomach,Macrophages,0.151148223866381,barrier epithelial,GI,human,858138.809916748,2.31011535136732,1097.41392785263,1.26761198783238,84.0,72083660.0330068,0.0846430053651731,141.0,120997572.198261,0.142079330434398,150.0,128720821.487512,0.151148223866381,2.38745949192485
411,Testes,Macrophages,0.775501160062935,internal epithelial,Others,mouse,7939024.94186324,2.0219987850244,2608.33556700174,1.49011684476769,2.0,15878049.8837265,0.0443143520035963,0.0,0.0,0.0,35.0,277865872.965213,0.775501160062935,2.24613553889697
412,Thymus,Macrophages,0.617922799912668,lymphatic system,Lymph system,multiplex,11070238.6447048,1.89960981698952,2608.33556700174,1.49011684476769,40.0,442809545.788193,1.23584559982534,25.0,276755966.11762,0.772403499890834,20.0,221404772.894096,0.617922799912668,2.12870024288038
413,Thyroid,Macrophages,0.408509303292324,internal epithelial,Others,extrapolation,7318544.44708509,2.13148916828374,2608.33556700174,1.49011684476769,7.9,57816501.1319722,0.161361174800468,17.0,124415255.600447,0.347232907798475,20.0,146370888.941702,0.408509303292324,2.35252633929648
414,Tongue,Macrophages,0.141635734352423,striated muscle,Others,extrapolation,695188.753117786,1.57444682100067,2608.33556700174,1.49011684476769,32.0,22246040.0997692,0.0620868972503772,60.0,41711325.1870672,0.116412932344457,73.0,50748778.9775984,0.141635734352423,1.82987278410875
415,Tonsils,Macrophages,0.245719710066257,lymphatic system,Lymph system,multiplex,29347526.1583441,1.49517361031978,2608.33556700174,1.49011684476769,3.0,88042578.4750324,0.245719710066257,3.0,88042578.4750324,0.245719710066257,3.0,88042578.4750324,0.245719710066257,1.76202918314801
416,Trachea,Macrophages,0.104765098474785,barrier epithelial,Lungs,extrapolation,3753784.91266475,2.07759044474571,2608.33556700174,1.49011684476769,4.5,16892032.1069914,0.0471442943136531,8.0,30030279.301318,0.0838120787798278,10.0,37537849.1266475,0.104765098474785,2.30001880115787
417,Ureters,Macrophages,0.326807442633859,internal epithelial,Others,extrapolation,7318544.44708509,2.13148916828374,2608.33556700174,1.49011684476769,7.0,51229811.1295956,0.142978256152313,15.0,109778166.706276,0.306381977469243,16.0,117096711.153362,0.326807442633859,2.35252633929648
418,Urethra,Macrophages,0.204254651646162,internal epithelial,Others,extrapolation,7318544.44708509,2.13148916828374,2608.33556700174,1.49011684476769,3.0,21955633.3412553,0.0612763954938486,3.0,21955633.3412553,0.0612763954938486,10.0,73185444.4708509,0.204254651646162,2.35252633929648
419,Urinary bladder,Macrophages,0.614394972852141,internal epithelial,Others,mouse,4402814.70276961,1.9792091213903,2608.33556700174,1.49011684476769,25.0,110070367.56924,0.307197486426071,40.0,176112588.110784,0.491515978281713,50.0,220140735.13848,0.614394972852141,2.20487534133452
420,Uterus,Macrophages,0.0,internal epithelial,Others,extrapolation,7318544.44708509,2.13148916828374,2608.33556700174,1.49011684476769,0.0,0.0,0.0,80.0,585483555.766807,1.6340372131693,0.0,0.0,0.0,2.35252633929648
421,Yellow marrow,Macrophages,1.70382723450953,adipose tissue,Others,extrapolation,246165.186712249,2.00671531936048,2608.33556700174,1.49011684476769,630.0,155084067.628717,0.432827079734276,1800.0,443097336.082049,1.23664879924079,2480.0,610489663.046378,1.70382723450953,2.23137564651131
422,Blood,Dendritic cells,0.220727376357256,blood,Blood,human,17970.8050577311,2.24150497853933,2087.09491929126,1.48261335719654,2616.0,47011626.0310246,0.10498596664556,4251.0,76393892.3004151,0.170602195799035,5500.0,98839427.8175212,0.220727376357256,2.45491639460927
423,Lymph nodes,Dendritic cells,33.1544721011885,lymphatic system,Lymph system,multiplex,65983237.5053073,1.427753120147,2087.09491929126,1.48261335719654,99.0,6532340513.02543,14.5879677245229,185.0,12206898938.4819,27.2603437276439,225.0,14846228438.6942,33.1544721011885,1.70052162725274
424,Skin,Dendritic cells,21.4674031693311,barrier epithelial,Skin,human,2912994.02773491,1.87082509801009,2087.09491929126,1.48261335719654,820.0,2388655102.74263,5.33432442389441,2300.0,6699886263.7903,14.962129481655,3300.0,9612880291.52521,21.4674031693311,2.09570151287496
425,Spleen,Dendritic cells,50.63714903783,lymphatic system,Lymph system,multiplex,151165264.584397,1.31849454784807,2087.09491929126,1.48261335719654,80.0,12093221166.7518,27.0064794868427,130.0,19651484395.9716,43.8855291661193,150.0,22674789687.6596,50.63714903783,1.61797621879265
426,Blood,Monocytes,1.19125761209707,blood,Blood,human,542832.069156538,1.16387815257183,372.901151831915,1.11465166073641,2616.0,1420048692.9135,0.56660543877199,4251.0,2307579125.98444,0.920733838004484,5500.0,2985576380.36096,1.19125761209707,1.20511988404228
427,Lymph nodes,Monocytes,0.347295686188034,lymphatic system,Lymph system,human,3868471.20277625,1.30146379809516,372.901151831915,1.11465166073641,99.0,382978649.074849,0.152810101922735,185.0,715667172.513607,0.285554230865717,225.0,870406020.624657,0.347295686188034,1.32972269026611
428,Red marrow,Monocytes,9.18126685382964,marrow,Bone Marrow,human,19667051.0957263,1.24852362366563,372.901151831915,1.11465166073641,630.0,12390242190.3076,4.94375907513904,900.0,17700345986.1537,7.06251296448434,1170.0,23010449781.9998,9.18126685382964,1.28028113400558
429,Spleen,Monocytes,2.47360601691567,lymphatic system,Lymph system,human,41329653.7677325,1.23701124368028,372.901151831915,1.11465166073641,80.0,3306372301.4186,1.31925654235502,130.0,5372854989.80522,2.14379188132691,150.0,6199448065.15987,2.47360601691567,1.26971507682328
430,Thymus,Dendritic cells,0.119759374089461,lymphatic system,Lymph system,multiplex,2681350.22626922,1.77989277204525,2087.09491929126,1.48261335719654,40.0,107254009.050769,0.239518748178922,25.0,67033755.6567305,0.149699217611826,20.0,53627004.5253844,0.119759374089461,2.01015089721144
431,Tonsils,Dendritic cells,0.492872938988582,lymphatic system,Lymph system,multiplex,73567795.2297798,1.48947611179767,2087.09491929126,1.48261335719654,3.0,220703385.689339,0.492872938988582,3.0,220703385.689339,0.492872938988582,3.0,220703385.689339,0.492872938988582,1.75102488649939
